event_id,entity_id,raw_entity_id,timestamp,time_seconds,frame,duration_seconds,event_type,action,severity,zone,summary,confidence,snapshot
EVT-1001,Person #1,1,00:00.07,0.08,1,0.1,ACTION_STANDING,STANDING,NORMAL,General Area,Person #1: Standing upright in General Area (Normal activity),0.88,
EVT-1002,Person #1,1,00:01.40,1.4,9,0.1,ACTION_SITTING,SITTING,NORMAL,General Area,Person #1: Seated in General Area (Normal compliant desk activity),0.88,
EVT-1003,Person #1,1,00:06.09,6.09,41,0.1,ACTION_WALKING,WALKING,NORMAL,General Area,Person #1: Walking in General Area (Speed: 28 px/s),0.88,
EVT-1004,Person #1,1,00:07.53,7.54,51,0.1,ACTION_SITTING,SITTING,NORMAL,General Area,Person #1: Seated in General Area (Normal compliant desk activity),0.88,
EVT-1005,Person #1,1,00:08.82,8.83,62,0.1,ACTION_WALKING,WALKING,NORMAL,General Area,Person #1: Walking in General Area (Speed: 36 px/s),0.88,
EVT-1006,Person #1,1,00:12.29,12.3,119,0.1,ACTION_SITTING,SITTING,NORMAL,General Area,Person #1: Seated in General Area (Normal compliant desk activity),0.88,
EVT-1007,Person #14,14,00:12.85,12.85,128,0.1,ACTION_STANDING,STANDING,NORMAL,Emergency Egress Corridor,Person #14: Standing upright in Emergency Egress Corridor (Normal activity),0.88,
EVT-1008,Person #1,1,00:13.55,13.55,140,0.1,ACTION_WALKING,WALKING,NORMAL,General Area,Person #1: Walking in General Area (Speed: 34 px/s),0.88,
EVT-1009,Person #14,14,00:14.08,14.09,149,0.1,ACTION_SITTING,SITTING,NORMAL,Emergency Egress Corridor,Person #14: Seated in Emergency Egress Corridor (Normal compliant desk activity),0.88,
EVT-1010,Person #1,1,00:17.61,17.61,206,4.15,LOITERING,WALKING,WARNING,General Area,Person #1: Abnormal stationary dwell: Inactive in one spot for 17.5s (Limit: 17.5s),0.7,EVT-1010_person_1.jpg
EVT-1011,Person #1,1,00:21.76,21.76,274,0.1,ACTION_SITTING,SITTING,NORMAL,General Area,Person #1: Seated in General Area (Normal compliant desk activity),0.88,
EVT-1012,Person #1,1,00:22.02,22.02,278,2.25,LOITERING,WALKING,WARNING,General Area,Person #1: Abnormal stationary dwell: Inactive in one spot for 21.9s (Limit: 17.5s),0.75,EVT-1012_person_1.jpg
EVT-1013,Person #1,1,00:25.08,25.09,327,9.76,LOITERING,WALKING,WARNING,General Area,Person #1: Abnormal stationary dwell: Inactive in one spot for 25.0s (Limit: 17.5s),0.79,EVT-1013_person_1.jpg
EVT-1014,Person #25,25,00:28.17,28.17,380,0.1,ACTION_STANDING,STANDING,NORMAL,Emergency Egress Corridor,Person #25: Standing upright in Emergency Egress Corridor (Normal activity),0.88,
EVT-1015,Person #25,25,00:29.41,29.41,401,0.1,ACTION_SITTING,SITTING,NORMAL,Emergency Egress Corridor,Person #25: Seated in Emergency Egress Corridor (Normal compliant desk activity),0.88,
EVT-1016,Person #1,1,00:35.01,35.02,495,1.99,LOITERING,WALKING,WARNING,General Area,Person #1: Abnormal stationary dwell: Inactive in one spot for 34.9s (Limit: 17.5s),0.9,EVT-1016_person_1.jpg
EVT-1017,Person #1,1,00:38.07,38.07,545,2.71,LOITERING,WALKING,CRITICAL,General Area,Person #1: Abnormal stationary dwell: Inactive in one spot for 38.0s (Limit: 17.5s),0.9,EVT-1017_person_1.jpg
EVT-1018,Person #29,29,00:40.05,40.06,576,0.1,ACTION_STANDING,STANDING,NORMAL,Emergency Egress Corridor,Person #29: Standing upright in Emergency Egress Corridor (Normal activity),0.88,
EVT-1019,Person #1,1,00:41.09,41.1,593,29.5,LOITERING,WALKING,CRITICAL,General Area,Person #1: Abnormal stationary dwell: Inactive in one spot for 41.0s (Limit: 17.5s),0.9,EVT-1019_person_1.jpg
EVT-1020,Person #29,29,00:41.62,41.63,602,0.1,ACTION_SITTING,SITTING,NORMAL,Emergency Egress Corridor,Person #29: Seated in Emergency Egress Corridor (Normal compliant desk activity),0.88,
EVT-1021,Person #31,31,00:50.31,50.32,747,0.1,ACTION_STANDING,STANDING,NORMAL,General Area,Person #31: Standing upright in General Area (Normal activity),0.88,
EVT-1022,Person #32,32,00:50.57,50.57,751,0.1,ACTION_STANDING,STANDING,NORMAL,Emergency Egress Corridor,Person #32: Standing upright in Emergency Egress Corridor (Normal activity),0.88,
EVT-1023,Person #31,31,00:52.39,52.4,780,0.1,ACTION_SITTING,SITTING,NORMAL,General Area,Person #31: Seated in General Area (Normal compliant desk activity),0.88,
EVT-1024,Person #1,1,01:10.72,70.72,1082,0.73,LOITERING,WALKING,CRITICAL,General Area,Person #1: Abnormal stationary dwell: Inactive in one spot for 70.6s (Limit: 17.5s),0.9,EVT-1024_person_1.jpg
EVT-1025,Person #1,1,01:14.47,74.47,1144,6.59,LOITERING,WALKING,CRITICAL,General Area,Person #1: Abnormal stationary dwell: Inactive in one spot for 74.4s (Limit: 17.5s),0.9,EVT-1025_person_1.jpg
EVT-1026,Person #39,39,01:18.58,78.59,1209,0.1,ACTION_STANDING,STANDING,NORMAL,Emergency Egress Corridor,Person #39: Standing upright in Emergency Egress Corridor (Normal activity),0.88,
EVT-1027,Person #1,1,01:21.24,81.24,1253,1.83,LOITERING,WALKING,CRITICAL,General Area,Person #1: Abnormal stationary dwell: Inactive in one spot for 81.2s (Limit: 17.5s),0.9,EVT-1027_person_1.jpg
EVT-1028,Person #1,1,01:24.76,84.76,1309,0.67,LOITERING,WALKING,CRITICAL,General Area,Person #1: Abnormal stationary dwell: Inactive in one spot for 84.7s (Limit: 17.5s),0.9,EVT-1028_person_1.jpg
EVT-1029,Person #1,1,01:27.41,87.41,1349,1.05,UNSAFE_SPEED,RUNNING,WARNING,General Area,"Person #1: Running in restricted corridor (Speed: 253.3 px/s, Limit: 125.0 px/s)",0.75,EVT-1029_person_1.jpg
EVT-1030,Person #1,1,01:30.46,90.46,1401,0.61,UNSAFE_SPEED,RUNNING,WARNING,General Area,"Person #1: Running in restricted corridor (Speed: 276.8 px/s, Limit: 125.0 px/s)",0.75,EVT-1030_person_1.jpg
EVT-1031,Person #1,1,01:31.07,91.07,1411,0.1,ACTION_WALKING,WALKING,NORMAL,General Area,Person #1: Walking in General Area (Speed: 110 px/s),0.88,
EVT-1032,Person #58,58,01:32.50,92.51,1434,0.1,ACTION_STANDING,STANDING,NORMAL,Emergency Egress Corridor,Person #58: Standing upright in Emergency Egress Corridor (Normal activity),0.88,
EVT-1033,Person #1,1,01:33.50,93.51,1451,0.1,UNSAFE_SPEED,RUNNING,WARNING,General Area,"Person #1: Running in restricted corridor (Speed: 120.2 px/s, Limit: 125.0 px/s)",0.75,EVT-1033_person_1.jpg
EVT-1034,Person #58,58,01:35.29,95.3,1480,0.1,ACTION_WALKING,WALKING,NORMAL,Emergency Egress Corridor,Person #58: Walking in Emergency Egress Corridor (Speed: 29 px/s),0.88,
EVT-1035,Person #1,1,01:36.52,96.53,1500,0.1,UNSAFE_SPEED,RUNNING,WARNING,General Area,"Person #1: Running in restricted corridor (Speed: 84.8 px/s, Limit: 125.0 px/s)",0.75,EVT-1035_person_1.jpg
EVT-1036,Person #58,58,01:36.92,96.92,1506,0.1,ACTION_SITTING,SITTING,NORMAL,Emergency Egress Corridor,Person #58: Seated in Emergency Egress Corridor (Normal compliant desk activity),0.88,
EVT-1037,Person #58,58,01:38.81,98.81,1535,0.1,LOITERING,SITTING,WARNING,Emergency Egress Corridor,Person #58: Abnormal stationary dwell: Inactive in one spot for 6.3s (Limit: 6.0s),0.71,EVT-1037_person_58.jpg
EVT-1038,Person #1,1,01:39.55,99.56,1548,0.84,UNSAFE_SPEED,RUNNING,WARNING,General Area,"Person #1: Running in restricted corridor (Speed: 374.8 px/s, Limit: 125.0 px/s)",0.75,EVT-1038_person_1.jpg
EVT-1039,Person #60,60,01:40.94,100.94,1571,0.1,ACTION_STANDING,STANDING,NORMAL,Emergency Egress Corridor,Person #60: Standing upright in Emergency Egress Corridor (Normal activity),0.88,
EVT-1040,Person #60,60,01:42.41,102.42,1596,0.1,ACTION_SITTING,SITTING,NORMAL,Emergency Egress Corridor,Person #60: Seated in Emergency Egress Corridor (Normal compliant desk activity),0.88,
EVT-1041,Person #1,1,01:42.59,102.6,1599,0.1,UNSAFE_SPEED,RUNNING,WARNING,General Area,"Person #1: Running in restricted corridor (Speed: 85.0 px/s, Limit: 125.0 px/s)",0.75,EVT-1041_person_1.jpg
EVT-1042,Person #1,1,01:45.80,105.8,1650,0.1,ACTION_SITTING,SITTING,NORMAL,General Area,Person #1: Seated in General Area (Normal compliant desk activity),0.88,
EVT-1043,Person #60,60,01:46.03,106.04,1654,0.1,ACTION_WALKING,WALKING,NORMAL,Emergency Egress Corridor,Person #60: Walking in Emergency Egress Corridor (Speed: 48 px/s),0.88,
EVT-1044,Person #1,1,01:47.02,107.02,1670,0.56,UNSAFE_SPEED,RUNNING,WARNING,General Area,"Person #1: Running in restricted corridor (Speed: 160.4 px/s, Limit: 125.0 px/s)",0.75,EVT-1044_person_1.jpg
EVT-1045,Person #1,1,01:47.58,107.58,1679,0.1,ACTION_WALKING,WALKING,NORMAL,General Area,Person #1: Walking in General Area (Speed: 90 px/s),0.88,
EVT-1046,Person #60,60,01:48.51,108.52,1695,0.1,LOITERING,WALKING,WARNING,Emergency Egress Corridor,Person #60: Abnormal stationary dwell: Inactive in one spot for 7.6s (Limit: 6.0s),0.75,EVT-1046_person_60.jpg
EVT-1047,Person #1,1,01:49.89,109.89,1718,3.87,LOITERING,WALKING,WARNING,General Area,Person #1: Abnormal stationary dwell: Inactive in one spot for 17.5s (Limit: 17.5s),0.7,EVT-1047_person_1.jpg
EVT-1048,Person #1,1,01:50.07,110.08,1721,0.37,UNSAFE_SPEED,RUNNING,WARNING,General Area,"Person #1: Running in restricted corridor (Speed: 164.3 px/s, Limit: 125.0 px/s)",0.75,EVT-1048_person_1.jpg
EVT-1049,Person #60,60,01:51.68,111.69,1747,0.1,LOITERING,WALKING,WARNING,Emergency Egress Corridor,Person #60: Abnormal stationary dwell: Inactive in one spot for 10.7s (Limit: 6.0s),0.86,EVT-1049_person_60.jpg
EVT-1050,Person #61,61,01:53.10,113.1,1769,0.1,ACTION_STANDING,STANDING,NORMAL,Emergency Egress Corridor,Person #61: Standing upright in Emergency Egress Corridor (Normal activity),0.88,
EVT-1051,Person #1,1,01:53.89,113.9,1779,0.47,UNSAFE_SPEED,RUNNING,WARNING,General Area,"Person #1: Running in restricted corridor (Speed: 165.4 px/s, Limit: 125.0 px/s)",0.75,EVT-1051_person_1.jpg
EVT-1052,Person #61,61,01:54.36,114.36,1786,0.1,ACTION_WALKING,WALKING,NORMAL,Emergency Egress Corridor,Person #61: Walking in Emergency Egress Corridor (Speed: 43 px/s),0.88,
EVT-1053,Person #62,62,01:54.95,114.96,1794,0.1,ACTION_STANDING,STANDING,NORMAL,General Area,Person #62: Standing upright in General Area (Normal activity),0.88,
EVT-1054,Person #1,1,01:55.09,115.1,1796,0.1,ACTION_RAISING_HANDS,RAISING_HANDS,NORMAL,General Area,Person #1: Gesturing / Hands raised above shoulders,0.9,
EVT-1055,Person #1,1,01:56.31,116.32,1814,0.1,ACTION_WALKING,WALKING,NORMAL,General Area,Person #1: Walking in General Area (Speed: 73 px/s),0.88,
EVT-1056,Person #62,62,01:56.38,116.39,1815,0.1,ACTION_WALKING,WALKING,NORMAL,General Area,Person #62: Walking in General Area (Speed: 39 px/s),0.88,
EVT-1057,Person #61,61,01:56.73,116.74,1820,0.1,ACTION_SITTING,SITTING,NORMAL,Emergency Egress Corridor,Person #61: Seated in Emergency Egress Corridor (Normal compliant desk activity),0.88,
EVT-1058,Person #1,1,01:56.94,116.95,1823,0.14,UNSAFE_SPEED,RUNNING,WARNING,General Area,"Person #1: Running in restricted corridor (Speed: 144.9 px/s, Limit: 125.0 px/s)",0.75,EVT-1058_person_1.jpg
EVT-1059,Person #61,61,01:59.14,119.14,1854,0.1,LOITERING,SITTING,WARNING,Emergency Egress Corridor,Person #61: Abnormal stationary dwell: Inactive in one spot for 6.0s (Limit: 6.0s),0.7,EVT-1059_person_61.jpg
EVT-1060,Person #62,62,01:59.96,119.97,1866,0.1,ACTION_RAISING_HANDS,RAISING_HANDS,NORMAL,General Area,Person #62: Gesturing / Hands raised above shoulders,0.9,
EVT-1061,Person #1,1,02:00.23,120.23,1870,0.54,UNSAFE_SPEED,RUNNING,WARNING,General Area,"Person #1: Running in restricted corridor (Speed: 134.7 px/s, Limit: 125.0 px/s)",0.75,EVT-1061_person_1.jpg
EVT-1062,Person #61,61,02:00.57,120.58,1875,0.1,ACTION_WALKING,WALKING,NORMAL,Emergency Egress Corridor,Person #61: Walking in Emergency Egress Corridor (Speed: 97 px/s),0.88,
EVT-1063,Person #1,1,02:02.14,122.15,1898,0.1,ACTION_SITTING,SITTING,NORMAL,General Area,Person #1: Seated in General Area (Normal compliant desk activity),0.88,
EVT-1064,Person #61,61,02:02.21,122.21,1899,0.1,ACTION_SITTING,SITTING,NORMAL,Emergency Egress Corridor,Person #61: Seated in Emergency Egress Corridor (Normal compliant desk activity),0.88,
EVT-1065,Person #1,1,02:03.34,123.35,1916,0.1,ACTION_WALKING,WALKING,NORMAL,General Area,Person #1: Walking in General Area (Speed: 93 px/s),0.88,
EVT-1066,Person #63,63,02:04.34,124.35,1931,0.1,ACTION_STANDING,STANDING,NORMAL,General Area,Person #63: Standing upright in General Area (Normal activity),0.88,
EVT-1067,Person #63,63,02:04.61,124.61,1935,0.43,UNSAFE_SPEED,RUNNING,WARNING,General Area,"Person #63: Running in restricted corridor (Speed: 211.2 px/s, Limit: 125.0 px/s)",0.75,EVT-1067_person_63.jpg
EVT-1068,Person #61,61,02:04.90,124.91,1939,0.1,ACTION_WALKING,WALKING,NORMAL,Emergency Egress Corridor,Person #61: Walking in Emergency Egress Corridor (Speed: 42 px/s),0.88,
EVT-1069,Person #1,1,02:05.17,125.17,1943,0.29,UNSAFE_SPEED,RUNNING,WARNING,General Area,"Person #1: Running in restricted corridor (Speed: 155.4 px/s, Limit: 125.0 px/s)",0.75,EVT-1069_person_1.jpg
EVT-1070,Person #63,63,02:05.73,125.74,1951,0.1,ACTION_WALKING,WALKING,NORMAL,Forklift & Heavy Machinery Zone,Person #63: Walking in Forklift & Heavy Machinery Zone (Speed: 91 px/s),0.88,
EVT-1071,Person #66,66,02:05.94,125.95,1954,0.1,ACTION_STANDING,STANDING,NORMAL,General Area,Person #66: Standing upright in General Area (Normal activity),0.88,
EVT-1072,Person #1,1,02:07.49,127.5,1974,0.1,ACTION_SITTING,SITTING,NORMAL,General Area,Person #1: Seated in General Area (Normal compliant desk activity),0.88,
EVT-1073,Person #63,63,02:07.65,127.65,1976,0.24,UNSAFE_SPEED,RUNNING,WARNING,General Area,"Person #63: Running in restricted corridor (Speed: 87.0 px/s, Limit: 125.0 px/s)",0.75,EVT-1073_person_63.jpg
EVT-1074,Person #1,1,02:08.75,128.76,1992,0.1,ACTION_WALKING,WALKING,NORMAL,General Area,Person #1: Walking in General Area (Speed: 71 px/s),0.88,
EVT-1075,Person #1,1,02:10.01,130.01,2010,0.1,ACTION_RAISING_HANDS,RAISING_HANDS,NORMAL,General Area,Person #1: Gesturing / Hands raised above shoulders,0.9,
EVT-1076,Person #1,1,02:11.23,131.23,2028,0.1,ACTION_SITTING,SITTING,NORMAL,General Area,Person #1: Seated in General Area (Normal compliant desk activity),0.88,
EVT-1077,Person #1,1,02:12.44,132.44,2046,0.1,ACTION_WALKING,WALKING,NORMAL,General Area,Person #1: Walking in General Area (Speed: 39 px/s),0.88,
EVT-1078,Person #1,1,02:13.68,133.68,2065,0.1,ACTION_RAISING_HANDS,RAISING_HANDS,NORMAL,General Area,Person #1: Gesturing / Hands raised above shoulders,0.88,
EVT-1079,Person #1,1,02:14.96,134.96,2084,0.1,ACTION_WALKING,WALKING,NORMAL,General Area,Person #1: Walking in General Area (Speed: 48 px/s),0.88,
EVT-1080,Person #74,74,02:15.16,135.16,2087,0.1,ACTION_RAISING_HANDS,RAISING_HANDS,NORMAL,General Area,Person #74: Gesturing / Hands raised above shoulders,0.9,
EVT-1081,Person #1,1,02:15.24,135.24,2088,0.1,UNSAFE_SPEED,RUNNING,WARNING,General Area,"Person #1: Running in restricted corridor (Speed: 239.2 px/s, Limit: 125.0 px/s)",0.75,EVT-1081_person_1.jpg
EVT-1082,Person #74,74,02:16.39,136.39,2104,0.1,ACTION_WALKING,WALKING,NORMAL,General Area,Person #74: Walking in General Area (Speed: 75 px/s),0.88,
EVT-1083,Person #74,74,02:17.60,137.6,2123,0.1,ACTION_RAISING_HANDS,RAISING_HANDS,NORMAL,General Area,Person #74: Gesturing / Hands raised above shoulders,0.9,
EVT-1084,Person #77,77,02:18.59,138.6,2139,0.1,ACTION_STANDING,STANDING,NORMAL,General Area,Person #77: Standing upright in General Area (Normal activity),0.88,
EVT-1085,Person #74,74,02:18.80,138.81,2142,0.1,ACTION_WALKING,WALKING,NORMAL,General Area,Person #74: Walking in General Area (Speed: 85 px/s),0.88,
EVT-1086,Person #77,77,02:18.88,138.88,2143,0.1,UNSAFE_SPEED,RUNNING,WARNING,Emergency Egress Corridor,"Person #77: Running in restricted corridor (Speed: 274.2 px/s, Limit: 125.0 px/s)",0.75,EVT-1086_person_77.jpg
EVT-1087,Person #79,79,02:19.02,139.03,2145,0.1,ACTION_STANDING,STANDING,NORMAL,Emergency Egress Corridor,Person #79: Standing upright in Emergency Egress Corridor (Normal activity),0.88,
EVT-1088,Person #74,74,02:19.09,139.09,2146,0.22,UNSAFE_SPEED,RUNNING,WARNING,General Area,"Person #74: Running in restricted corridor (Speed: 188.7 px/s, Limit: 125.0 px/s)",0.75,EVT-1088_person_74.jpg
EVT-1089,Person #80,80,02:19.16,139.16,2147,0.1,ACTION_STANDING,STANDING,NORMAL,Forklift & Heavy Machinery Zone,Person #80: Standing upright in Forklift & Heavy Machinery Zone (Normal activity),0.88,
EVT-1090,Person #81,81,02:19.39,139.39,2150,0.1,ACTION_STANDING,STANDING,NORMAL,General Area,Person #81: Standing upright in General Area (Normal activity),0.88,
EVT-1091,Person #81,81,02:19.54,139.55,2152,0.1,UNSAFE_SPEED,RUNNING,WARNING,Emergency Egress Corridor,"Person #81: Running in restricted corridor (Speed: 378.1 px/s, Limit: 125.0 px/s)",0.75,EVT-1091_person_81.jpg
EVT-1092,Person #84,84,02:19.82,139.82,2156,0.1,ACTION_RAISING_HANDS,RAISING_HANDS,NORMAL,Emergency Egress Corridor,Person #84: Gesturing / Hands raised above shoulders,0.9,
EVT-1093,Person #79,79,02:20.56,140.57,2166,0.1,ACTION_WALKING,WALKING,NORMAL,Emergency Egress Corridor,Person #79: Walking in Emergency Egress Corridor (Speed: 43 px/s),0.88,
EVT-1094,Person #79,79,02:20.93,140.94,2171,0.29,UNSAFE_SPEED,RUNNING,WARNING,Emergency Egress Corridor,"Person #79: Running in restricted corridor (Speed: 146.2 px/s, Limit: 125.0 px/s)",0.75,EVT-1094_person_79.jpg
EVT-1095,Person #87,87,02:21.72,141.73,2182,0.1,ACTION_STANDING,STANDING,NORMAL,General Area,Person #87: Standing upright in General Area (Normal activity),0.88,
EVT-1096,Person #88,88,02:21.80,141.81,2183,0.1,ACTION_STANDING,STANDING,NORMAL,General Area,Person #88: Standing upright in General Area (Normal activity),0.88,
EVT-1097,Person #74,74,02:22.35,142.36,2190,0.15,UNSAFE_SPEED,RUNNING,WARNING,General Area,"Person #74: Running in restricted corridor (Speed: 129.8 px/s, Limit: 125.0 px/s)",0.75,EVT-1097_person_74.jpg
EVT-1098,Person #87,87,02:22.35,142.36,2190,0.41,UNSAFE_SPEED,RUNNING,WARNING,Forklift & Heavy Machinery Zone,"Person #87: Running in restricted corridor (Speed: 127.3 px/s, Limit: 125.0 px/s)",0.75,EVT-1098_person_87.jpg
EVT-1099,Person #87,87,02:22.95,142.95,2197,0.1,ACTION_WALKING,WALKING,NORMAL,Forklift & Heavy Machinery Zone,Person #87: Walking in Forklift & Heavy Machinery Zone (Speed: 72 px/s),0.88,
EVT-1100,Person #79,79,02:23.23,143.24,2201,0.1,ACTION_SITTING,SITTING,NORMAL,Emergency Egress Corridor,Person #79: Seated in Emergency Egress Corridor (Normal compliant desk activity),0.88,
EVT-1101,Person #79,79,02:24.47,144.48,2219,0.1,ACTION_WALKING,WALKING,NORMAL,Emergency Egress Corridor,Person #79: Walking in Emergency Egress Corridor (Speed: 94 px/s),0.88,
EVT-1102,Person #74,74,02:26.45,146.46,2249,0.2,UNSAFE_SPEED,RUNNING,WARNING,General Area,"Person #74: Running in restricted corridor (Speed: 157.0 px/s, Limit: 125.0 px/s)",0.75,EVT-1102_person_74.jpg
EVT-1103,Person #79,79,02:26.52,146.52,2250,0.1,ACTION_SITTING,SITTING,NORMAL,Emergency Egress Corridor,Person #79: Seated in Emergency Egress Corridor (Normal compliant desk activity),0.88,
EVT-1104,Person #79,79,02:26.83,146.84,2255,36.05,LOITERING,WALKING,WARNING,Emergency Egress Corridor,Person #79: Abnormal stationary dwell: Inactive in one spot for 6.0s (Limit: 6.0s),0.7,EVT-1104_person_79.jpg
EVT-1105,Person #74,74,02:29.46,149.47,2297,1.22,UNSAFE_SPEED,RUNNING,WARNING,General Area,"Person #74: Running in restricted corridor (Speed: 183.9 px/s, Limit: 125.0 px/s)",0.75,EVT-1105_person_74.jpg
EVT-1106,Person #74,74,02:32.75,152.75,2348,0.83,UNSAFE_SPEED,RUNNING,WARNING,General Area,"Person #74: Running in restricted corridor (Speed: 157.3 px/s, Limit: 125.0 px/s)",0.75,EVT-1106_person_74.jpg
EVT-1107,Person #74,74,02:35.77,155.77,2396,0.37,UNSAFE_SPEED,RUNNING,WARNING,General Area,"Person #74: Running in restricted corridor (Speed: 196.9 px/s, Limit: 125.0 px/s)",0.75,EVT-1107_person_74.jpg
EVT-1108,Person #74,74,02:38.90,158.9,2444,0.83,UNSAFE_SPEED,RUNNING,WARNING,General Area,"Person #74: Running in restricted corridor (Speed: 188.0 px/s, Limit: 125.0 px/s)",0.75,EVT-1108_person_74.jpg
EVT-1109,Person #74,74,02:39.72,159.73,2454,0.1,ACTION_RAISING_HANDS,RAISING_HANDS,NORMAL,General Area,Person #74: Gesturing / Hands raised above shoulders,0.9,
EVT-1110,Person #74,74,02:41.04,161.04,2467,0.1,ACTION_WALKING,WALKING,NORMAL,General Area,Person #74: Walking in General Area (Speed: 134 px/s),0.92,
EVT-1111,Person #79,79,02:47.01,167.02,2552,0.19,UNSAFE_SPEED,RUNNING,WARNING,Emergency Egress Corridor,"Person #79: Running in restricted corridor (Speed: 152.6 px/s, Limit: 125.0 px/s)",0.75,EVT-1111_person_79.jpg
EVT-1112,Person #89,89,02:47.75,167.75,2563,0.1,ACTION_STANDING,STANDING,NORMAL,Emergency Egress Corridor,Person #89: Standing upright in Emergency Egress Corridor (Normal activity),0.88,
EVT-1113,Person #74,74,02:48.96,168.96,2582,0.1,ACTION_SITTING,SITTING,NORMAL,General Area,Person #74: Seated in General Area (Normal compliant desk activity),0.88,
EVT-1114,Person #89,89,02:48.96,168.96,2582,0.1,ACTION_WALKING,WALKING,NORMAL,Emergency Egress Corridor,Person #89: Walking in Emergency Egress Corridor (Speed: 52 px/s),0.88,
EVT-1115,Person #74,74,02:49.81,169.82,2595,0.36,UNSAFE_SPEED,RUNNING,WARNING,General Area,"Person #74: Running in restricted corridor (Speed: 158.6 px/s, Limit: 125.0 px/s)",0.75,EVT-1115_person_74.jpg
EVT-1116,Person #74,74,02:50.18,170.18,2601,0.1,ACTION_WALKING,WALKING,NORMAL,General Area,Person #74: Walking in General Area (Speed: 76 px/s),0.88,
EVT-1117,Person #74,74,03:00.31,180.32,2727,0.1,ACTION_SITTING,SITTING,NORMAL,General Area,Person #74: Seated in General Area (Normal compliant desk activity),0.88,
EVT-1118,Person #74,74,03:01.60,181.6,2738,0.1,ACTION_WALKING,WALKING,NORMAL,General Area,Person #74: Walking in General Area (Speed: 31 px/s),0.88,
EVT-1119,Person #79,79,03:02.96,182.96,2758,0.47,LOITERING,WALKING,CRITICAL,Emergency Egress Corridor,Person #79: Abnormal stationary dwell: Inactive in one spot for 42.2s (Limit: 6.0s),0.9,EVT-1119_person_79.jpg
EVT-1120,Person #79,79,03:06.02,186.02,2804,0.37,LOITERING,SITTING,CRITICAL,Emergency Egress Corridor,Person #79: Abnormal stationary dwell: Inactive in one spot for 45.2s (Limit: 6.0s),0.9,EVT-1120_person_79.jpg
EVT-1121,Person #79,79,03:09.04,189.05,2846,45.08,LOITERING,RAISING_HANDS,CRITICAL,Emergency Egress Corridor,Person #79: Abnormal stationary dwell: Inactive in one spot for 48.2s (Limit: 6.0s),0.9,EVT-1121_person_79.jpg
EVT-1122,Person #74,74,03:12.31,192.32,2893,0.63,UNSAFE_SPEED,RUNNING,WARNING,General Area,"Person #74: Running in restricted corridor (Speed: 136.7 px/s, Limit: 125.0 px/s)",0.75,EVT-1122_person_74.jpg
EVT-1123,Person #74,74,03:15.74,195.74,2943,0.23,UNSAFE_SPEED,RUNNING,WARNING,General Area,"Person #74: Running in restricted corridor (Speed: 137.1 px/s, Limit: 125.0 px/s)",0.75,EVT-1123_person_74.jpg
EVT-1124,Person #74,74,03:24.42,204.43,3074,0.67,UNSAFE_SPEED,RUNNING,WARNING,General Area,"Person #74: Running in restricted corridor (Speed: 127.6 px/s, Limit: 125.0 px/s)",0.75,EVT-1124_person_74.jpg
EVT-1125,Person #74,74,03:29.88,209.89,3160,5.44,LOITERING,WALKING,WARNING,General Area,Person #74: Abnormal stationary dwell: Inactive in one spot for 17.6s (Limit: 17.5s),0.7,EVT-1125_person_74.jpg
EVT-1126,Person #74,74,03:35.32,215.32,3243,0.1,ACTION_SITTING,SITTING,NORMAL,General Area,Person #74: Seated in General Area (Normal compliant desk activity),0.88,
EVT-1127,Person #74,74,03:35.63,215.63,3248,0.53,LOITERING,WALKING,WARNING,General Area,Person #74: Abnormal stationary dwell: Inactive in one spot for 23.3s (Limit: 17.5s),0.77,EVT-1127_person_74.jpg
EVT-1128,Person #74,74,03:38.65,218.66,3293,1.18,LOITERING,WALKING,WARNING,General Area,Person #74: Abnormal stationary dwell: Inactive in one spot for 26.3s (Limit: 17.5s),0.8,EVT-1128_person_74.jpg
EVT-1129,Person #74,74,03:41.67,221.67,3338,4.0,LOITERING,WALKING,WARNING,General Area,Person #74: Abnormal stationary dwell: Inactive in one spot for 29.4s (Limit: 17.5s),0.84,EVT-1129_person_74.jpg
EVT-1130,Person #74,74,03:45.95,225.95,3402,13.47,LOITERING,WALKING,WARNING,General Area,Person #74: Abnormal stationary dwell: Inactive in one spot for 33.6s (Limit: 17.5s),0.88,EVT-1130_person_74.jpg
EVT-1131,Person #90,90,03:47.19,227.2,3421,0.1,ACTION_STANDING,STANDING,NORMAL,Forklift & Heavy Machinery Zone,Person #90: Standing upright in Forklift & Heavy Machinery Zone (Normal activity),0.88,
EVT-1132,Person #74,74,03:47.45,227.45,3425,0.85,UNSAFE_SPEED,RUNNING,WARNING,General Area,"Person #74: Running in restricted corridor (Speed: 157.0 px/s, Limit: 125.0 px/s)",0.75,EVT-1132_person_74.jpg
EVT-1133,Person #90,90,03:48.43,228.43,3440,0.1,ACTION_WALKING,WALKING,NORMAL,General Area,Person #90: Walking in General Area (Speed: 70 px/s),0.88,
EVT-1134,Person #90,90,03:50.56,230.56,3471,0.1,ACTION_SITTING,SITTING,NORMAL,General Area,Person #90: Seated in General Area (Normal compliant desk activity),0.88,
EVT-1135,Person #74,74,03:50.89,230.89,3476,1.33,UNSAFE_SPEED,RUNNING,WARNING,General Area,"Person #74: Running in restricted corridor (Speed: 201.9 px/s, Limit: 125.0 px/s)",0.75,EVT-1135_person_74.jpg
EVT-1136,Person #90,90,03:51.81,231.81,3490,0.1,ACTION_WALKING,WALKING,NORMAL,Forklift & Heavy Machinery Zone,Person #90: Walking in Forklift & Heavy Machinery Zone (Speed: 25 px/s),0.88,
EVT-1137,Person #79,79,03:54.19,234.19,3527,1.12,LOITERING,WALKING,CRITICAL,Emergency Egress Corridor,Person #79: Abnormal stationary dwell: Inactive in one spot for 93.4s (Limit: 6.0s),0.9,EVT-1137_person_79.jpg
EVT-1138,Person #79,79,03:57.24,237.24,3574,0.12,LOITERING,WALKING,CRITICAL,Emergency Egress Corridor,Person #79: Abnormal stationary dwell: Inactive in one spot for 96.4s (Limit: 6.0s),0.9,EVT-1138_person_79.jpg
EVT-1139,Person #74,74,03:59.42,239.42,3608,0.1,ACTION_WALKING,WALKING,NORMAL,General Area,Person #74: Walking in General Area (Speed: 125 px/s),0.92,
EVT-1140,Person #79,79,04:00.26,240.26,3621,3.62,LOITERING,WALKING,CRITICAL,Emergency Egress Corridor,Person #79: Abnormal stationary dwell: Inactive in one spot for 99.5s (Limit: 6.0s),0.9,EVT-1140_person_79.jpg
EVT-1141,Person #74,74,04:00.64,240.64,3627,0.27,UNSAFE_SPEED,RUNNING,WARNING,General Area,"Person #74: Running in restricted corridor (Speed: 159.3 px/s, Limit: 125.0 px/s)",0.75,EVT-1141_person_74.jpg
EVT-1142,Person #74,74,04:01.11,241.11,3634,0.1,ACTION_RAISING_HANDS,RAISING_HANDS,NORMAL,General Area,Person #74: Gesturing / Hands raised above shoulders,0.9,
EVT-1143,Person #74,74,04:02.31,242.32,3651,0.1,ACTION_WALKING,WALKING,NORMAL,General Area,Person #74: Walking in General Area (Speed: 97 px/s),0.88,
EVT-1144,Person #74,74,04:04.07,244.07,3678,0.43,UNSAFE_SPEED,RUNNING,WARNING,General Area,"Person #74: Running in restricted corridor (Speed: 423.9 px/s, Limit: 125.0 px/s)",0.75,EVT-1144_person_74.jpg
EVT-1145,Person #96,96,04:04.90,244.9,3690,0.1,ACTION_STANDING,STANDING,NORMAL,General Area,Person #96: Standing upright in General Area (Normal activity),0.88,
EVT-1146,Person #79,79,04:05.03,245.04,3692,0.1,LOITERING,WALKING,CRITICAL,Emergency Egress Corridor,Person #79: Abnormal stationary dwell: Inactive in one spot for 104.2s (Limit: 6.0s),0.9,EVT-1146_person_79.jpg
EVT-1147,Person #79,79,04:05.22,245.22,3695,0.1,ACTION_WALKING,WALKING,NORMAL,Emergency Egress Corridor,Person #79: Walking in Emergency Egress Corridor (Speed: 61 px/s),0.88,
EVT-1148,Person #79,79,04:06.51,246.52,3714,0.1,ACTION_SITTING,SITTING,NORMAL,Emergency Egress Corridor,Person #79: Seated in Emergency Egress Corridor (Normal compliant desk activity),0.88,
EVT-1149,Person #74,74,04:07.53,247.53,3730,0.26,UNSAFE_SPEED,RUNNING,WARNING,General Area,"Person #74: Running in restricted corridor (Speed: 157.4 px/s, Limit: 125.0 px/s)",0.75,EVT-1149_person_74.jpg
EVT-1150,Person #74,74,04:10.01,250.02,3768,0.1,ACTION_SITTING,SITTING,NORMAL,General Area,Person #74: Seated in General Area (Normal compliant desk activity),0.88,
EVT-1151,Person #99,99,04:10.53,250.54,3776,0.1,ACTION_STANDING,STANDING,NORMAL,General Area,Person #99: Standing upright in General Area (Normal activity),0.88,
EVT-1152,Person #74,74,04:11.25,251.25,3787,0.1,ACTION_WALKING,WALKING,NORMAL,General Area,Person #74: Walking in General Area (Speed: 34 px/s),0.88,
EVT-1153,Person #79,79,04:12.43,252.44,3805,0.1,ACTION_WALKING,WALKING,NORMAL,General Area,Person #79: Walking in General Area (Speed: 32 px/s),0.88,
EVT-1154,Person #74,74,04:13.50,253.5,3821,0.1,ACTION_SITTING,SITTING,NORMAL,General Area,Person #74: Seated in General Area (Normal compliant desk activity),0.88,
EVT-1155,Person #79,79,04:13.70,253.7,3824,0.1,ACTION_SITTING,SITTING,NORMAL,General Area,Person #79: Seated in General Area (Normal compliant desk activity),0.88,
EVT-1156,Person #74,74,04:14.73,254.73,3840,0.1,ACTION_WALKING,WALKING,NORMAL,General Area,Person #74: Walking in General Area (Speed: 74 px/s),0.88,
EVT-1157,Person #79,79,04:15.35,255.35,3850,0.1,ACTION_WALKING,WALKING,NORMAL,General Area,Person #79: Walking in General Area (Speed: 29 px/s),0.88,
EVT-1158,Person #79,79,04:16.59,256.6,3869,0.1,ACTION_SITTING,SITTING,NORMAL,General Area,Person #79: Seated in General Area (Normal compliant desk activity),0.88,
EVT-1159,Person #79,79,04:17.83,257.84,3888,0.1,ACTION_WALKING,WALKING,NORMAL,General Area,Person #79: Walking in General Area (Speed: 43 px/s),0.88,
EVT-1160,Person #79,79,04:19.04,259.04,3906,0.1,ACTION_SITTING,SITTING,NORMAL,General Area,Person #79: Seated in General Area (Normal compliant desk activity),0.88,
EVT-1161,Person #74,74,04:20.10,260.1,3922,0.1,ACTION_SITTING,SITTING,NORMAL,General Area,Person #74: Seated in General Area (Normal compliant desk activity),0.88,
EVT-1162,Person #74,74,04:21.36,261.37,3941,0.1,ACTION_WALKING,WALKING,NORMAL,General Area,Person #74: Walking in General Area (Speed: 32 px/s),0.88,
EVT-1163,Person #74,74,04:22.40,262.41,3957,1.4,LOITERING,WALKING,WARNING,General Area,Person #74: Abnormal stationary dwell: Inactive in one spot for 17.5s (Limit: 17.5s),0.7,EVT-1163_person_74.jpg
EVT-1164,Person #79,79,04:23.21,263.22,3969,0.27,LOITERING,WALKING,WARNING,General Area,Person #79: Abnormal stationary dwell: Inactive in one spot for 18.0s (Limit: 17.5s),0.71,EVT-1164_person_79.jpg
EVT-1165,Person #74,74,04:23.80,263.81,3978,0.1,ACTION_SITTING,SITTING,NORMAL,General Area,Person #74: Seated in General Area (Normal compliant desk activity),0.88,
EVT-1166,Person #74,74,04:25.40,265.41,4002,2.83,LOITERING,WALKING,WARNING,General Area,Person #74: Abnormal stationary dwell: Inactive in one spot for 20.5s (Limit: 17.5s),0.73,EVT-1166_person_74.jpg
EVT-1167,Person #79,79,04:26.57,266.58,4020,0.32,LOITERING,WALKING,WARNING,General Area,Person #79: Abnormal stationary dwell: Inactive in one spot for 21.4s (Limit: 17.5s),0.74,EVT-1167_person_79.jpg
EVT-1168,Person #74,74,04:28.63,268.64,4047,1.59,LOITERING,WALKING,WARNING,General Area,Person #74: Abnormal stationary dwell: Inactive in one spot for 23.7s (Limit: 17.5s),0.77,EVT-1168_person_74.jpg
EVT-1169,Person #79,79,04:29.58,269.58,4060,0.78,LOITERING,WALKING,WARNING,General Area,Person #79: Abnormal stationary dwell: Inactive in one spot for 24.4s (Limit: 17.5s),0.78,EVT-1169_person_79.jpg
EVT-1170,Person #74,74,04:30.50,270.5,4073,0.13,UNSAFE_SPEED,RUNNING,WARNING,General Area,"Person #74: Running in restricted corridor (Speed: 162.0 px/s, Limit: 125.0 px/s)",0.75,EVT-1170_person_74.jpg
EVT-1171,Person #74,74,04:32.03,272.03,4094,0.1,ACTION_WALKING,WALKING,NORMAL,General Area,Person #74: Walking in General Area (Speed: 69 px/s),0.88,
EVT-1172,Person #79,79,04:32.10,272.1,4095,0.1,ACTION_WALKING,WALKING,NORMAL,General Area,Person #79: Walking in General Area (Speed: 89 px/s),0.88,
EVT-1173,Person #74,74,04:34.19,274.19,4124,0.2,UNSAFE_SPEED,RUNNING,WARNING,General Area,"Person #74: Running in restricted corridor (Speed: 158.2 px/s, Limit: 125.0 px/s)",0.75,EVT-1173_person_74.jpg
EVT-1174,Person #79,79,04:34.39,274.39,4127,0.1,ACTION_SITTING,SITTING,NORMAL,General Area,Person #79: Seated in General Area (Normal compliant desk activity),0.88,
EVT-1175,Person #108,108,04:34.60,274.61,4130,0.1,ACTION_STANDING,STANDING,NORMAL,General Area,Person #108: Standing upright in General Area (Normal activity),0.88,
EVT-1176,Person #74,74,04:35.43,275.44,4142,0.1,ACTION_SITTING,SITTING,NORMAL,General Area,Person #74: Seated in General Area (Normal compliant desk activity),0.88,
EVT-1177,Person #79,79,04:35.64,275.64,4145,0.1,ACTION_RAISING_HANDS,RAISING_HANDS,NORMAL,General Area,Person #79: Gesturing / Hands raised above shoulders,0.9,
EVT-1178,Person #79,79,04:35.81,275.81,4147,0.59,UNSAFE_SPEED,RUNNING,WARNING,Emergency Egress Corridor,"Person #79: Running in restricted corridor (Speed: 196.8 px/s, Limit: 125.0 px/s)",0.75,EVT-1178_person_79.jpg
EVT-1179,Person #113,113,04:36.06,276.06,4150,0.1,ACTION_STANDING,STANDING,NORMAL,General Area,Person #113: Standing upright in General Area (Normal activity),0.88,
EVT-1180,Person #108,108,04:36.39,276.4,4154,0.1,ACTION_WALKING,WALKING,NORMAL,General Area,Person #108: Walking in General Area (Speed: 49 px/s),0.88,
EVT-1181,Person #74,74,04:36.64,276.65,4157,0.1,ACTION_WALKING,WALKING,NORMAL,General Area,Person #74: Walking in General Area (Speed: 79 px/s),0.88,
EVT-1182,Person #79,79,04:36.85,276.86,4160,0.1,ACTION_WALKING,WALKING,NORMAL,General Area,Person #79: Walking in General Area (Speed: 147 px/s),0.92,
EVT-1183,Person #74,74,04:37.33,277.34,4167,0.2,UNSAFE_SPEED,RUNNING,WARNING,General Area,"Person #74: Running in restricted corridor (Speed: 167.4 px/s, Limit: 125.0 px/s)",0.75,EVT-1183_person_74.jpg
EVT-1184,Person #116,116,04:37.33,277.34,4167,0.1,ACTION_STANDING,STANDING,NORMAL,Emergency Egress Corridor,Person #116: Standing upright in Emergency Egress Corridor (Normal activity),0.88,
EVT-1185,Person #74,74,04:39.12,279.12,4193,0.1,ACTION_SITTING,SITTING,NORMAL,General Area,Person #74: Seated in General Area (Normal compliant desk activity),0.88,
EVT-1186,Person #74,74,04:40.58,280.58,4213,0.1,ACTION_WALKING,WALKING,NORMAL,General Area,Person #74: Walking in General Area (Speed: 32 px/s),0.88,
EVT-1187,Person #117,117,04:41.74,281.75,4231,0.1,ACTION_STANDING,STANDING,NORMAL,General Area,Person #117: Standing upright in General Area (Normal activity),0.88,
EVT-1188,Person #117,117,04:41.88,281.89,4233,0.34,UNSAFE_SPEED,RUNNING,WARNING,General Area,"Person #117: Running in restricted corridor (Speed: 223.9 px/s, Limit: 125.0 px/s)",0.75,EVT-1188_person_117.jpg
EVT-1189,Person #120,120,04:42.09,282.1,4236,0.1,ACTION_STANDING,STANDING,NORMAL,General Area,Person #120: Standing upright in General Area (Normal activity),0.88,
EVT-1190,Person #117,117,04:42.95,282.96,4249,0.1,ACTION_WALKING,WALKING,NORMAL,General Area,Person #117: Walking in General Area (Speed: 45 px/s),0.88,
EVT-1191,Person #120,120,04:43.54,283.55,4257,0.1,ACTION_WALKING,WALKING,NORMAL,General Area,Person #120: Walking in General Area (Speed: 30 px/s),0.88,
EVT-1192,Person #117,117,04:44.20,284.21,4267,0.1,ACTION_SITTING,SITTING,NORMAL,General Area,Person #117: Seated in General Area (Normal compliant desk activity),0.88,
EVT-1193,Person #120,120,04:46.43,286.43,4299,0.1,ACTION_SITTING,SITTING,NORMAL,General Area,Person #120: Seated in General Area (Normal compliant desk activity),0.88,
EVT-1194,Person #117,117,04:46.49,286.49,4300,0.1,ACTION_WALKING,WALKING,NORMAL,General Area,Person #117: Walking in General Area (Speed: 44 px/s),0.88,
EVT-1195,Person #74,74,04:47.38,287.38,4314,0.19,UNSAFE_SPEED,RUNNING,WARNING,General Area,"Person #74: Running in restricted corridor (Speed: 205.9 px/s, Limit: 125.0 px/s)",0.75,EVT-1195_person_74.jpg
EVT-1196,Person #120,120,04:48.28,288.28,4328,0.1,ACTION_WALKING,WALKING,NORMAL,General Area,Person #120: Walking in General Area (Speed: 27 px/s),0.88,
EVT-1197,Person #117,117,04:48.50,288.51,4331,0.1,ACTION_SITTING,SITTING,NORMAL,General Area,Person #117: Seated in General Area (Normal compliant desk activity),0.88,
EVT-1198,Person #117,117,04:48.94,288.95,4337,0.3,LOITERING,WALKING,WARNING,Emergency Egress Corridor,Person #117: Abnormal stationary dwell: Inactive in one spot for 7.2s (Limit: 6.0s),0.74,EVT-1198_person_117.jpg
EVT-1199,Person #117,117,04:49.73,289.73,4348,0.1,ACTION_WALKING,WALKING,NORMAL,Emergency Egress Corridor,Person #117: Walking in Emergency Egress Corridor (Speed: 89 px/s),0.88,
EVT-1200,Person #74,74,04:51.70,291.71,4379,0.1,UNSAFE_SPEED,RUNNING,WARNING,General Area,"Person #74: Running in restricted corridor (Speed: 193.5 px/s, Limit: 125.0 px/s)",0.75,EVT-1200_person_74.jpg
EVT-1201,Person #117,117,04:53.09,293.1,4400,0.1,ACTION_SITTING,SITTING,NORMAL,General Area,Person #117: Seated in General Area (Normal compliant desk activity),0.88,
EVT-1202,Person #117,117,04:54.30,294.3,4419,0.1,ACTION_WALKING,WALKING,NORMAL,Emergency Egress Corridor,Person #117: Walking in Emergency Egress Corridor (Speed: 55 px/s),0.88,
EVT-1203,Person #74,74,04:54.87,294.87,4428,0.21,UNSAFE_SPEED,RUNNING,WARNING,General Area,"Person #74: Running in restricted corridor (Speed: 161.5 px/s, Limit: 125.0 px/s)",0.75,EVT-1203_person_74.jpg
EVT-1204,Person #117,117,04:55.67,295.67,4440,0.1,ACTION_SITTING,SITTING,NORMAL,General Area,Person #117: Seated in General Area (Normal compliant desk activity),0.88,
EVT-1205,Person #125,125,04:55.99,295.99,4445,0.1,ACTION_STANDING,STANDING,NORMAL,General Area,Person #125: Standing upright in General Area (Normal activity),0.88,
EVT-1206,Person #74,74,04:56.24,296.25,4449,0.1,ACTION_RAISING_HANDS,RAISING_HANDS,NORMAL,General Area,Person #74: Gesturing / Hands raised above shoulders,0.9,
EVT-1207,Person #117,117,04:57.12,297.13,4462,0.1,ACTION_WALKING,WALKING,NORMAL,General Area,Person #117: Walking in General Area (Speed: 26 px/s),0.88,
EVT-1208,Person #74,74,04:57.47,297.47,4467,0.1,ACTION_WALKING,WALKING,NORMAL,General Area,Person #74: Walking in General Area (Speed: 57 px/s),0.88,
EVT-1209,Person #74,74,04:58.30,298.3,4480,0.2,UNSAFE_SPEED,RUNNING,WARNING,General Area,"Person #74: Running in restricted corridor (Speed: 153.1 px/s, Limit: 125.0 px/s)",0.75,EVT-1209_person_74.jpg
EVT-1210,Person #117,117,04:59.62,299.62,4500,0.1,ACTION_SITTING,SITTING,NORMAL,General Area,Person #117: Seated in General Area (Normal compliant desk activity),0.88,
EVT-1211,Person #74,74,05:00.23,300.24,4508,0.25,LOITERING,WALKING,WARNING,General Area,Person #74: Abnormal stationary dwell: Inactive in one spot for 17.6s (Limit: 17.5s),0.7,EVT-1211_person_74.jpg
EVT-1212,Person #117,117,05:00.87,300.87,4513,0.1,ACTION_WALKING,WALKING,NORMAL,General Area,Person #117: Walking in General Area (Speed: 47 px/s),0.88,
EVT-1213,Person #74,74,05:01.19,301.19,4516,0.1,ACTION_SITTING,SITTING,NORMAL,General Area,Person #74: Seated in General Area (Normal compliant desk activity),0.88,
EVT-1214,Person #117,117,05:02.08,302.08,4529,0.1,ACTION_SITTING,SITTING,NORMAL,General Area,Person #117: Seated in General Area (Normal compliant desk activity),0.88,
EVT-1215,Person #117,117,05:02.77,302.78,4538,0.1,LOITERING,SITTING,WARNING,Emergency Egress Corridor,Person #117: Abnormal stationary dwell: Inactive in one spot for 10.5s (Limit: 6.0s),0.85,EVT-1215_person_117.jpg
EVT-1216,Person #74,74,05:03.29,303.29,4545,0.53,LOITERING,WALKING,WARNING,General Area,Person #74: Abnormal stationary dwell: Inactive in one spot for 20.6s (Limit: 17.5s),0.74,EVT-1216_person_74.jpg
EVT-1217,Person #117,117,05:05.88,305.88,4582,0.1,ACTION_WALKING,WALKING,NORMAL,General Area,Person #117: Walking in General Area (Speed: 37 px/s),0.88,
EVT-1218,Person #117,117,05:05.94,305.94,4583,0.39,LOITERING,WALKING,CRITICAL,Emergency Egress Corridor,Person #117: Abnormal stationary dwell: Inactive in one spot for 13.6s (Limit: 6.0s),0.9,EVT-1218_person_117.jpg
EVT-1219,Person #74,74,05:06.51,306.52,4592,0.12,LOITERING,WALKING,WARNING,General Area,Person #74: Abnormal stationary dwell: Inactive in one spot for 23.8s (Limit: 17.5s),0.77,EVT-1219_person_74.jpg
EVT-1220,Person #117,117,05:08.18,308.18,4618,0.1,ACTION_SITTING,SITTING,NORMAL,General Area,Person #117: Seated in General Area (Normal compliant desk activity),0.88,
EVT-1221,Person #117,117,05:09.21,309.22,4634,0.27,LOITERING,SITTING,CRITICAL,Emergency Egress Corridor,Person #117: Abnormal stationary dwell: Inactive in one spot for 16.9s (Limit: 6.0s),0.9,EVT-1221_person_117.jpg
EVT-1222,Person #74,74,05:09.55,309.55,4639,0.42,LOITERING,WALKING,WARNING,General Area,Person #74: Abnormal stationary dwell: Inactive in one spot for 26.9s (Limit: 17.5s),0.81,EVT-1222_person_74.jpg
EVT-1223,Person #74,74,05:10.38,310.39,4651,0.1,ACTION_WALKING,WALKING,NORMAL,General Area,Person #74: Walking in General Area (Speed: 51 px/s),0.88,
EVT-1224,Person #74,74,05:11.64,311.65,4670,0.1,ACTION_SITTING,SITTING,NORMAL,General Area,Person #74: Seated in General Area (Normal compliant desk activity),0.88,
EVT-1225,Person #117,117,05:12.26,312.26,4679,2.22,LOITERING,WALKING,WARNING,General Area,Person #117: Abnormal stationary dwell: Inactive in one spot for 20.0s (Limit: 17.5s),0.73,EVT-1225_person_117.jpg
EVT-1226,Person #74,74,05:12.85,312.85,4688,0.1,ACTION_WALKING,WALKING,NORMAL,General Area,Person #74: Walking in General Area (Speed: 32 px/s),0.88,
EVT-1227,Person #74,74,05:14.09,314.1,4707,0.1,ACTION_SITTING,SITTING,NORMAL,General Area,Person #74: Seated in General Area (Normal compliant desk activity),0.88,
EVT-1228,Person #117,117,05:15.29,315.29,4725,0.1,LOITERING,WALKING,CRITICAL,Emergency Egress Corridor,Person #117: Abnormal stationary dwell: Inactive in one spot for 23.0s (Limit: 6.0s),0.9,EVT-1228_person_117.jpg
EVT-1229,Person #74,74,05:15.36,315.36,4726,0.1,ACTION_WALKING,WALKING,NORMAL,General Area,Person #74: Walking in General Area (Speed: 54 px/s),0.88,
EVT-1230,Person #117,117,05:18.48,318.48,4769,0.54,LOITERING,SITTING,CRITICAL,Emergency Egress Corridor,Person #117: Abnormal stationary dwell: Inactive in one spot for 26.2s (Limit: 6.0s),0.9,EVT-1230_person_117.jpg
EVT-1231,Person #117,117,05:21.53,321.54,4809,1.73,LOITERING,SITTING,CRITICAL,Emergency Egress Corridor,Person #117: Abnormal stationary dwell: Inactive in one spot for 29.2s (Limit: 6.0s),0.9,EVT-1231_person_117.jpg
EVT-1232,Person #117,117,05:24.55,324.55,4847,0.15,LOITERING,WALKING,WARNING,General Area,Person #117: Abnormal stationary dwell: Inactive in one spot for 32.3s (Limit: 17.5s),0.87,EVT-1232_person_117.jpg
EVT-1233,Person #117,117,05:27.99,328.0,4891,0.68,LOITERING,WALKING,CRITICAL,General Area,Person #117: Abnormal stationary dwell: Inactive in one spot for 35.7s (Limit: 17.5s),0.9,EVT-1233_person_117.jpg
EVT-1234,Person #117,117,05:28.68,328.68,4900,0.1,ACTION_WALKING,WALKING,NORMAL,General Area,Person #117: Walking in General Area (Speed: 93 px/s),0.88,
EVT-1235,Person #130,130,05:29.86,329.86,4917,0.1,ACTION_STANDING,STANDING,NORMAL,General Area,Person #130: Standing upright in General Area (Normal activity),0.88,
EVT-1236,Person #117,117,05:29.93,329.93,4918,0.1,ACTION_SITTING,SITTING,NORMAL,General Area,Person #117: Seated in General Area (Normal compliant desk activity),0.88,
EVT-1237,Person #130,130,05:31.08,331.09,4935,0.1,ACTION_WALKING,WALKING,NORMAL,General Area,Person #130: Walking in General Area (Speed: 33 px/s),0.88,
EVT-1238,Person #117,117,05:31.16,331.16,4936,0.1,ACTION_WALKING,WALKING,NORMAL,General Area,Person #117: Walking in General Area (Speed: 51 px/s),0.88,
EVT-1239,Person #117,117,05:32.38,332.38,4953,0.1,ACTION_SITTING,SITTING,NORMAL,General Area,Person #117: Seated in General Area (Normal compliant desk activity),0.88,
EVT-1240,Person #74,74,05:34.14,334.15,4978,0.1,ACTION_SITTING,SITTING,NORMAL,General Area,Person #74: Seated in General Area (Normal compliant desk activity),0.88,
EVT-1241,Person #74,74,05:35.39,335.4,4996,0.1,ACTION_WALKING,WALKING,NORMAL,General Area,Person #74: Walking in General Area (Speed: 52 px/s),0.88,
EVT-1242,Person #117,117,05:36.73,336.73,5015,0.1,ACTION_WALKING,WALKING,NORMAL,General Area,Person #117: Walking in General Area (Speed: 30 px/s),0.88,
EVT-1243,Person #117,117,05:38.21,338.21,5034,0.1,ACTION_SITTING,SITTING,NORMAL,General Area,Person #117: Seated in General Area (Normal compliant desk activity),0.88,
EVT-1244,Person #117,117,05:39.45,339.45,5051,0.1,ACTION_WALKING,WALKING,NORMAL,General Area,Person #117: Walking in General Area (Speed: 24 px/s),0.88,
EVT-1245,Person #74,74,05:39.76,339.77,5055,0.49,UNSAFE_SPEED,RUNNING,WARNING,General Area,"Person #74: Running in restricted corridor (Speed: 147.4 px/s, Limit: 125.0 px/s)",0.75,EVT-1245_person_74.jpg
EVT-1246,Person #117,117,05:41.63,341.63,5081,0.1,ACTION_SITTING,SITTING,NORMAL,General Area,Person #117: Seated in General Area (Normal compliant desk activity),0.88,
EVT-1247,Person #74,74,05:42.12,342.13,5088,0.1,ACTION_SITTING,SITTING,NORMAL,General Area,Person #74: Seated in General Area (Normal compliant desk activity),0.92,
EVT-1248,Person #117,117,05:43.07,343.08,5102,0.1,ACTION_WALKING,WALKING,NORMAL,General Area,Person #117: Walking in General Area (Speed: 32 px/s),0.88,
EVT-1249,Person #74,74,05:43.35,343.35,5106,0.14,UNSAFE_SPEED,RUNNING,WARNING,General Area,"Person #74: Running in restricted corridor (Speed: 151.4 px/s, Limit: 125.0 px/s)",0.75,EVT-1249_person_74.jpg
EVT-1250,Person #74,74,05:44.71,344.72,5126,0.1,ACTION_WALKING,WALKING,NORMAL,General Area,Person #74: Walking in General Area (Speed: 97 px/s),0.88,
EVT-1251,Person #136,136,05:47.47,347.47,5164,0.1,ACTION_STANDING,STANDING,NORMAL,General Area,Person #136: Standing upright in General Area (Normal activity),0.88,
EVT-1252,Person #74,74,05:47.79,347.79,5169,0.13,UNSAFE_SPEED,RUNNING,WARNING,General Area,"Person #74: Running in restricted corridor (Speed: 223.8 px/s, Limit: 125.0 px/s)",0.75,EVT-1252_person_74.jpg
EVT-1253,Person #136,136,05:48.74,348.75,5183,0.1,ACTION_SITTING,SITTING,NORMAL,General Area,Person #136: Seated in General Area (Normal compliant desk activity),0.88,
EVT-1254,Person #136,136,05:49.98,349.99,5202,0.1,ACTION_WALKING,WALKING,NORMAL,General Area,Person #136: Walking in General Area (Speed: 22 px/s),0.88,
EVT-1255,Person #139,139,05:50.05,350.06,5203,0.1,ACTION_STANDING,STANDING,NORMAL,General Area,Person #139: Standing upright in General Area (Normal activity),0.88,
EVT-1256,Person #74,74,05:50.84,350.84,5215,0.1,UNSAFE_SPEED,RUNNING,WARNING,General Area,"Person #74: Running in restricted corridor (Speed: 137.7 px/s, Limit: 125.0 px/s)",0.75,EVT-1256_person_74.jpg
EVT-1257,Person #136,136,05:51.20,351.2,5220,0.1,ACTION_SITTING,SITTING,NORMAL,General Area,Person #136: Seated in General Area (Normal compliant desk activity),0.88,
EVT-1258,Person #139,139,05:51.33,351.33,5222,0.1,ACTION_SITTING,SITTING,NORMAL,General Area,Person #139: Seated in General Area (Normal compliant desk activity),0.88,
EVT-1259,Person #145,145,05:54.83,354.83,5275,0.1,ACTION_STANDING,STANDING,NORMAL,General Area,Person #145: Standing upright in General Area (Normal activity),0.88,
EVT-1260,Person #74,74,05:54.96,354.97,5277,0.13,UNSAFE_SPEED,RUNNING,WARNING,General Area,"Person #74: Running in restricted corridor (Speed: 148.8 px/s, Limit: 125.0 px/s)",0.75,EVT-1260_person_74.jpg
EVT-1261,Person #149,149,05:55.35,355.35,5283,0.1,ACTION_STANDING,STANDING,NORMAL,General Area,Person #149: Standing upright in General Area (Normal activity),0.88,
EVT-1262,Person #145,145,05:56.05,356.05,5293,0.1,ACTION_SITTING,SITTING,NORMAL,General Area,Person #145: Seated in General Area (Normal compliant desk activity),0.88,
EVT-1263,Person #136,136,05:56.51,356.52,5300,0.1,ACTION_WALKING,WALKING,NORMAL,General Area,Person #136: Walking in General Area (Speed: 31 px/s),0.88,
EVT-1264,Person #149,149,05:57.09,357.1,5309,0.1,ACTION_SITTING,SITTING,NORMAL,General Area,Person #149: Seated in General Area (Normal compliant desk activity),0.88,
EVT-1265,Person #136,136,05:57.72,357.72,5318,0.1,ACTION_SITTING,SITTING,NORMAL,General Area,Person #136: Seated in General Area (Normal compliant desk activity),0.88,
EVT-1266,Person #136,136,05:58.94,358.94,5335,0.1,ACTION_WALKING,WALKING,NORMAL,General Area,Person #136: Walking in General Area (Speed: 40 px/s),0.88,
EVT-1267,Person #136,136,06:00.16,360.17,5354,0.1,ACTION_SITTING,SITTING,NORMAL,General Area,Person #136: Seated in General Area (Normal compliant desk activity),0.88,
EVT-1268,Person #74,74,06:00.41,360.42,5358,0.41,UNSAFE_SPEED,RUNNING,WARNING,General Area,"Person #74: Running in restricted corridor (Speed: 157.1 px/s, Limit: 125.0 px/s)",0.75,EVT-1268_person_74.jpg
EVT-1269,Person #136,136,06:01.39,361.4,5372,0.1,ACTION_WALKING,WALKING,NORMAL,General Area,Person #136: Walking in General Area (Speed: 23 px/s),0.88,
EVT-1270,Person #136,136,06:02.62,362.62,5389,0.1,ACTION_SITTING,SITTING,NORMAL,General Area,Person #136: Seated in General Area (Normal compliant desk activity),0.88,
EVT-1271,Person #74,74,06:05.33,365.33,5422,3.08,LOITERING,WALKING,WARNING,General Area,Person #74: Abnormal stationary dwell: Inactive in one spot for 17.5s (Limit: 17.5s),0.7,EVT-1271_person_74.jpg
EVT-1272,Person #136,136,06:06.57,366.58,5438,0.5,LOITERING,WALKING,WARNING,General Area,Person #136: Abnormal stationary dwell: Inactive in one spot for 19.1s (Limit: 17.5s),0.72,EVT-1272_person_136.jpg
EVT-1273,Person #74,74,06:07.75,367.75,5456,0.52,UNSAFE_SPEED,RUNNING,WARNING,General Area,"Person #74: Running in restricted corridor (Speed: 129.9 px/s, Limit: 125.0 px/s)",0.75,EVT-1273_person_74.jpg
EVT-1274,Person #136,136,06:08.47,368.48,5467,0.1,ACTION_WALKING,WALKING,NORMAL,General Area,Person #136: Walking in General Area (Speed: 148 px/s),0.92,
EVT-1275,Person #136,136,06:08.60,368.6,5469,0.21,UNSAFE_SPEED,RUNNING,WARNING,Emergency Egress Corridor,"Person #136: Running in restricted corridor (Speed: 149.0 px/s, Limit: 125.0 px/s)",0.75,EVT-1275_person_136.jpg
EVT-1276,Person #74,74,06:10.02,370.02,5489,0.1,ACTION_SITTING,SITTING,NORMAL,General Area,Person #74: Seated in General Area (Normal compliant desk activity),0.92,
EVT-1277,Person #74,74,06:11.03,371.03,5504,0.38,UNSAFE_SPEED,RUNNING,WARNING,General Area,"Person #74: Running in restricted corridor (Speed: 158.5 px/s, Limit: 125.0 px/s)",0.75,EVT-1277_person_74.jpg
EVT-1278,Person #74,74,06:11.40,371.41,5509,0.1,ACTION_WALKING,WALKING,NORMAL,General Area,Person #74: Walking in General Area (Speed: 100 px/s),0.88,
EVT-1279,Person #74,74,06:14.55,374.56,5557,0.2,UNSAFE_SPEED,RUNNING,WARNING,General Area,"Person #74: Running in restricted corridor (Speed: 130.5 px/s, Limit: 125.0 px/s)",0.75,EVT-1279_person_74.jpg
EVT-1280,Person #74,74,06:16.12,376.13,5581,0.1,ACTION_SITTING,SITTING,NORMAL,General Area,Person #74: Seated in General Area (Normal compliant desk activity),0.88,
EVT-1281,Person #74,74,06:17.55,377.56,5601,1.63,UNSAFE_SPEED,RUNNING,WARNING,General Area,"Person #74: Running in restricted corridor (Speed: 439.4 px/s, Limit: 125.0 px/s)",0.75,EVT-1281_person_74.jpg
EVT-1282,Person #74,74,06:19.19,379.19,5625,0.1,ACTION_WALKING,WALKING,NORMAL,General Area,Person #74: Walking in General Area (Speed: 91 px/s),0.88,
EVT-1283,Person #74,74,06:20.57,380.58,5646,1.84,UNSAFE_SPEED,RUNNING,WARNING,General Area,"Person #74: Running in restricted corridor (Speed: 249.4 px/s, Limit: 125.0 px/s)",0.75,EVT-1283_person_74.jpg
EVT-1284,Person #74,74,06:28.47,388.48,5725,0.13,UNSAFE_SPEED,RUNNING,WARNING,General Area,"Person #74: Running in restricted corridor (Speed: 190.3 px/s, Limit: 125.0 px/s)",0.75,EVT-1284_person_74.jpg
EVT-1285,Person #74,74,06:31.51,391.52,5773,1.05,UNSAFE_SPEED,RUNNING,WARNING,General Area,"Person #74: Running in restricted corridor (Speed: 146.4 px/s, Limit: 125.0 px/s)",0.75,EVT-1285_person_74.jpg
EVT-1286,Person #74,74,06:34.70,394.71,5817,0.99,UNSAFE_SPEED,RUNNING,WARNING,General Area,"Person #74: Running in restricted corridor (Speed: 130.0 px/s, Limit: 125.0 px/s)",0.75,EVT-1286_person_74.jpg
EVT-1287,Person #158,158,06:37.68,397.68,5856,0.1,ACTION_STANDING,STANDING,NORMAL,Emergency Egress Corridor,Person #158: Standing upright in Emergency Egress Corridor (Normal activity),0.88,
EVT-1288,Person #74,74,06:39.32,399.32,5875,1.77,UNSAFE_SPEED,RUNNING,WARNING,General Area,"Person #74: Running in restricted corridor (Speed: 250.7 px/s, Limit: 125.0 px/s)",0.75,EVT-1288_person_74.jpg
EVT-1289,Person #158,158,06:40.37,400.38,5890,0.1,ACTION_SITTING,SITTING,NORMAL,Emergency Egress Corridor,Person #158: Seated in Emergency Egress Corridor (Normal compliant desk activity),0.88,
EVT-1290,Person #74,74,06:42.35,402.35,5920,0.63,UNSAFE_SPEED,RUNNING,WARNING,General Area,"Person #74: Running in restricted corridor (Speed: 213.8 px/s, Limit: 125.0 px/s)",0.75,EVT-1290_person_74.jpg
EVT-1291,Person #158,158,06:43.71,403.72,5942,0.45,LOITERING,SITTING,WARNING,Emergency Egress Corridor,Person #158: Abnormal stationary dwell: Inactive in one spot for 6.0s (Limit: 6.0s),0.7,EVT-1291_person_158.jpg
EVT-1292,Person #160,160,06:43.97,403.98,5946,0.1,ACTION_STANDING,STANDING,NORMAL,General Area,Person #160: Standing upright in General Area (Normal activity),0.88,
EVT-1293,Person #160,160,06:45.21,405.21,5964,0.1,ACTION_WALKING,WALKING,NORMAL,Emergency Egress Corridor,Person #160: Walking in Emergency Egress Corridor (Speed: 43 px/s),0.88,
EVT-1294,Person #160,160,06:46.70,406.7,5986,0.23,UNSAFE_SPEED,RUNNING,WARNING,Emergency Egress Corridor,"Person #160: Running in restricted corridor (Speed: 158.2 px/s, Limit: 125.0 px/s)",0.75,EVT-1294_person_160.jpg
EVT-1295,Person #162,162,06:46.77,406.77,5987,0.1,ACTION_STANDING,STANDING,NORMAL,Emergency Egress Corridor,Person #162: Standing upright in Emergency Egress Corridor (Normal activity),0.88,
EVT-1296,Person #165,165,06:47.50,407.5,5998,0.1,ACTION_STANDING,STANDING,NORMAL,General Area,Person #165: Standing upright in General Area (Normal activity),0.88,
EVT-1297,Person #160,160,06:50.56,410.56,6045,1.01,UNSAFE_SPEED,RUNNING,WARNING,Emergency Egress Corridor,"Person #160: Running in restricted corridor (Speed: 163.2 px/s, Limit: 125.0 px/s)",0.75,EVT-1297_person_160.jpg
EVT-1298,Person #160,160,06:52.53,412.53,6075,0.1,ACTION_RAISING_HANDS,RAISING_HANDS,NORMAL,Emergency Egress Corridor,Person #160: Gesturing / Hands raised above shoulders,0.9,
EVT-1299,Person #167,167,06:52.59,412.59,6076,0.1,ACTION_STANDING,STANDING,NORMAL,General Area,Person #167: Standing upright in General Area (Normal activity),0.88,
EVT-1300,Person #167,167,06:52.77,412.78,6079,0.39,UNSAFE_SPEED,RUNNING,WARNING,General Area,"Person #167: Running in restricted corridor (Speed: 246.6 px/s, Limit: 125.0 px/s)",0.75,EVT-1300_person_167.jpg
EVT-1301,Person #160,160,06:53.78,413.78,6094,0.1,ACTION_WALKING,WALKING,NORMAL,General Area,Person #160: Walking in General Area (Speed: 94 px/s),0.88,
EVT-1302,Person #167,167,06:53.85,413.85,6095,0.1,ACTION_WALKING,WALKING,NORMAL,General Area,Person #167: Walking in General Area (Speed: 50 px/s),0.88,
EVT-1303,Person #160,160,06:56.15,416.15,6131,0.1,ACTION_SITTING,SITTING,NORMAL,Emergency Egress Corridor,Person #160: Seated in Emergency Egress Corridor (Normal compliant desk activity),0.88,
EVT-1304,Person #160,160,06:57.35,417.36,6150,0.1,ACTION_WALKING,WALKING,NORMAL,Emergency Egress Corridor,Person #160: Walking in Emergency Egress Corridor (Speed: 31 px/s),0.88,
EVT-1305,Person #167,167,06:58.51,418.52,6168,0.33,UNSAFE_SPEED,RUNNING,WARNING,General Area,"Person #167: Running in restricted corridor (Speed: 154.8 px/s, Limit: 125.0 px/s)",0.75,EVT-1305_person_167.jpg
EVT-1306,Person #160,160,06:58.58,418.59,6169,0.1,ACTION_SITTING,SITTING,NORMAL,Emergency Egress Corridor,Person #160: Seated in Emergency Egress Corridor (Normal compliant desk activity),0.88,
EVT-1307,Person #160,160,06:59.70,419.7,6186,0.64,LOITERING,WALKING,WARNING,Emergency Egress Corridor,Person #160: Abnormal stationary dwell: Inactive in one spot for 6.1s (Limit: 6.0s),0.7,EVT-1307_person_160.jpg
EVT-1308,Person #160,160,07:00.33,420.34,6195,0.27,UNSAFE_SPEED,RUNNING,WARNING,Emergency Egress Corridor,"Person #160: Running in restricted corridor (Speed: 140.4 px/s, Limit: 125.0 px/s)",0.75,EVT-1308_person_160.jpg
EVT-1309,Person #160,160,07:01.21,421.21,6208,0.1,ACTION_WALKING,WALKING,NORMAL,Emergency Egress Corridor,Person #160: Walking in Emergency Egress Corridor (Speed: 97 px/s),0.88,
EVT-1310,Person #160,160,07:02.42,422.42,6226,0.1,ACTION_SITTING,SITTING,NORMAL,Emergency Egress Corridor,Person #160: Seated in Emergency Egress Corridor (Normal compliant desk activity),0.88,
EVT-1311,Person #160,160,07:04.16,424.17,6252,0.1,ACTION_WALKING,WALKING,NORMAL,General Area,Person #160: Walking in General Area (Speed: 27 px/s),0.88,
EVT-1312,Person #160,160,07:05.39,425.39,6270,0.1,ACTION_SITTING,SITTING,NORMAL,General Area,Person #160: Seated in General Area (Normal compliant desk activity),0.88,
EVT-1313,Person #160,160,07:06.91,426.92,6293,0.1,ACTION_WALKING,WALKING,NORMAL,General Area,Person #160: Walking in General Area (Speed: 34 px/s),0.88,
EVT-1314,Person #160,160,07:08.18,428.18,6312,0.1,ACTION_SITTING,SITTING,NORMAL,General Area,Person #160: Seated in General Area (Normal compliant desk activity),0.88,
EVT-1315,Person #160,160,07:09.44,429.44,6330,0.1,ACTION_WALKING,WALKING,NORMAL,General Area,Person #160: Walking in General Area (Speed: 22 px/s),0.88,
EVT-1316,Person #160,160,07:10.71,430.71,6348,0.1,ACTION_SITTING,SITTING,NORMAL,General Area,Person #160: Seated in General Area (Normal compliant desk activity),0.88,
EVT-1317,Person #167,167,07:11.72,431.73,6362,1.01,LOITERING,WALKING,WARNING,General Area,Person #167: Abnormal stationary dwell: Inactive in one spot for 17.6s (Limit: 17.5s),0.7,EVT-1317_person_167.jpg
EVT-1318,Person #167,167,07:12.73,432.74,6375,0.1,ACTION_SITTING,SITTING,NORMAL,General Area,Person #167: Seated in General Area (Normal compliant desk activity),0.88,
EVT-1319,Person #167,167,07:14.93,434.94,6406,0.67,LOITERING,WALKING,WARNING,General Area,Person #167: Abnormal stationary dwell: Inactive in one spot for 20.8s (Limit: 17.5s),0.74,EVT-1319_person_167.jpg
EVT-1320,Person #160,160,07:16.17,436.17,6423,0.1,ACTION_WALKING,WALKING,NORMAL,General Area,Person #160: Walking in General Area (Speed: 66 px/s),0.88,
EVT-1321,Person #160,160,07:17.46,437.46,6441,0.1,ACTION_SITTING,SITTING,NORMAL,General Area,Person #160: Seated in General Area (Normal compliant desk activity),0.88,
EVT-1322,Person #167,167,07:18.53,438.53,6456,0.43,LOITERING,WALKING,WARNING,General Area,Person #167: Abnormal stationary dwell: Inactive in one spot for 24.4s (Limit: 17.5s),0.78,EVT-1322_person_167.jpg
EVT-1323,Person #160,160,07:19.32,439.32,6467,0.21,LOITERING,WALKING,WARNING,General Area,Person #160: Abnormal stationary dwell: Inactive in one spot for 17.9s (Limit: 17.5s),0.7,EVT-1323_person_160.jpg
EVT-1324,Person #167,167,07:20.42,440.42,6482,0.1,ACTION_WALKING,WALKING,NORMAL,General Area,Person #167: Walking in General Area (Speed: 105 px/s),0.88,
EVT-1325,Person #167,167,07:21.06,441.06,6491,0.36,UNSAFE_SPEED,RUNNING,WARNING,General Area,"Person #167: Running in restricted corridor (Speed: 217.7 px/s, Limit: 125.0 px/s)",0.75,EVT-1325_person_167.jpg
EVT-1326,Person #160,160,07:23.26,443.27,6521,0.15,LOITERING,WALKING,WARNING,General Area,Person #160: Abnormal stationary dwell: Inactive in one spot for 21.9s (Limit: 17.5s),0.75,EVT-1326_person_160.jpg
EVT-1327,Person #160,160,07:26.66,446.67,6564,0.41,LOITERING,WALKING,WARNING,General Area,Person #160: Abnormal stationary dwell: Inactive in one spot for 25.3s (Limit: 17.5s),0.79,EVT-1327_person_160.jpg
EVT-1328,Person #167,167,07:28.19,448.2,6585,0.42,UNSAFE_SPEED,RUNNING,WARNING,General Area,"Person #167: Running in restricted corridor (Speed: 160.0 px/s, Limit: 125.0 px/s)",0.75,EVT-1328_person_167.jpg
EVT-1329,Person #167,167,07:31.28,451.29,6619,0.55,UNSAFE_SPEED,RUNNING,WARNING,General Area,"Person #167: Running in restricted corridor (Speed: 208.0 px/s, Limit: 125.0 px/s)",0.75,EVT-1329_person_167.jpg
EVT-1330,Person #170,170,07:31.69,451.7,6625,0.1,ACTION_STANDING,STANDING,NORMAL,General Area,Person #170: Standing upright in General Area (Normal activity),0.88,
EVT-1331,Person #167,167,07:32.24,452.24,6633,0.1,ACTION_SITTING,SITTING,NORMAL,General Area,Person #167: Seated in General Area (Normal compliant desk activity),0.88,
EVT-1332,Person #170,170,07:32.92,452.93,6643,0.1,ACTION_WALKING,WALKING,NORMAL,General Area,Person #170: Walking in General Area (Speed: 80 px/s),0.88,
EVT-1333,Person #167,167,07:33.46,453.47,6651,0.1,ACTION_WALKING,WALKING,NORMAL,General Area,Person #167: Walking in General Area (Speed: 153 px/s),0.92,
EVT-1334,Person #170,170,07:34.32,454.32,6664,0.1,ACTION_SITTING,SITTING,NORMAL,General Area,Person #170: Seated in General Area (Normal compliant desk activity),0.88,
EVT-1335,Person #170,170,07:35.57,455.57,6683,0.1,ACTION_WALKING,WALKING,NORMAL,General Area,Person #170: Walking in General Area (Speed: 32 px/s),0.88,
EVT-1336,Person #167,167,07:36.62,456.62,6699,0.2,UNSAFE_SPEED,RUNNING,WARNING,General Area,"Person #167: Running in restricted corridor (Speed: 139.2 px/s, Limit: 125.0 px/s)",0.75,EVT-1336_person_167.jpg
EVT-1337,Person #170,170,07:36.82,456.82,6702,0.1,ACTION_SITTING,SITTING,NORMAL,General Area,Person #170: Seated in General Area (Normal compliant desk activity),0.88,
EVT-1338,Person #167,167,07:40.76,460.76,6760,0.33,UNSAFE_SPEED,RUNNING,WARNING,General Area,"Person #167: Running in restricted corridor (Speed: 154.6 px/s, Limit: 125.0 px/s)",0.75,EVT-1338_person_167.jpg
EVT-1339,Person #170,170,07:47.83,467.84,6864,0.1,ACTION_WALKING,WALKING,NORMAL,General Area,Person #170: Walking in General Area (Speed: 28 px/s),0.88,
EVT-1340,Person #167,167,07:48.88,468.89,6880,2.4,LOITERING,WALKING,WARNING,General Area,Person #167: Abnormal stationary dwell: Inactive in one spot for 17.5s (Limit: 17.5s),0.7,EVT-1340_person_167.jpg
EVT-1341,Person #170,170,07:49.08,469.09,6883,0.1,ACTION_SITTING,SITTING,NORMAL,General Area,Person #170: Seated in General Area (Normal compliant desk activity),0.88,
EVT-1342,Person #170,170,07:50.33,470.34,6902,0.1,ACTION_WALKING,WALKING,NORMAL,General Area,Person #170: Walking in General Area (Speed: 149 px/s),0.92,
EVT-1343,Person #170,170,07:50.47,470.47,6904,0.54,LOITERING,WALKING,WARNING,General Area,Person #170: Abnormal stationary dwell: Inactive in one spot for 17.5s (Limit: 17.5s),0.7,EVT-1343_person_170.jpg
EVT-1344,Person #167,167,07:50.47,470.47,6904,0.34,UNSAFE_SPEED,RUNNING,WARNING,General Area,"Person #167: Running in restricted corridor (Speed: 207.8 px/s, Limit: 125.0 px/s)",0.75,EVT-1344_person_167.jpg
EVT-1345,Person #170,170,07:51.55,471.56,6920,0.1,ACTION_SITTING,SITTING,NORMAL,General Area,Person #170: Seated in General Area (Normal compliant desk activity),0.88,
EVT-1346,Person #167,167,07:51.97,471.97,6926,0.13,LOITERING,WALKING,WARNING,General Area,Person #167: Abnormal stationary dwell: Inactive in one spot for 20.6s (Limit: 17.5s),0.74,EVT-1346_person_167.jpg
EVT-1347,Person #167,167,07:55.25,475.26,6975,0.55,LOITERING,RUNNING,WARNING,General Area,Person #167: Abnormal stationary dwell: Inactive in one spot for 23.9s (Limit: 17.5s),0.77,EVT-1347_person_167.jpg
EVT-1348,Person #167,167,07:55.67,475.67,6981,0.14,UNSAFE_SPEED,RUNNING,WARNING,General Area,"Person #167: Running in restricted corridor (Speed: 176.1 px/s, Limit: 125.0 px/s)",0.75,EVT-1348_person_167.jpg
EVT-1349,Person #167,167,07:58.61,478.62,7025,1.23,LOITERING,WALKING,WARNING,General Area,Person #167: Abnormal stationary dwell: Inactive in one spot for 27.2s (Limit: 17.5s),0.81,EVT-1349_person_167.jpg
EVT-1350,Person #167,167,07:58.68,478.69,7026,0.27,UNSAFE_SPEED,RUNNING,WARNING,General Area,"Person #167: Running in restricted corridor (Speed: 129.0 px/s, Limit: 125.0 px/s)",0.75,EVT-1350_person_167.jpg
EVT-1351,Person #170,170,08:00.74,480.74,7056,0.21,LOITERING,WALKING,WARNING,General Area,Person #170: Abnormal stationary dwell: Inactive in one spot for 27.8s (Limit: 17.5s),0.82,EVT-1351_person_170.jpg
EVT-1352,Person #167,167,08:01.63,481.64,7068,4.77,LOITERING,WALKING,WARNING,General Area,Person #167: Abnormal stationary dwell: Inactive in one spot for 30.3s (Limit: 17.5s),0.85,EVT-1352_person_167.jpg
EVT-1353,Person #167,167,08:06.55,486.56,7102,2.68,LOITERING,WALKING,CRITICAL,General Area,Person #167: Abnormal stationary dwell: Inactive in one spot for 35.2s (Limit: 17.5s),0.9,EVT-1353_person_167.jpg
